evidence_id,phenomenon,indicator_1,indicator_2,indicator_3,spatial_scale,overlap_area_km2,indicator_1_area_km2,indicator_2_area_km2,overlap_percent_of_indicator_1,overlap_percent_of_indicator_2,evidence_level,interpretation,limitations
EV-01,Urbanization-related spectral increase,Sentinel-2 NDBI increase (> +0.10),Dynamic World new built-up transition (class=1),None (Spatial pairwise),Native 10 m raster pixel,20.94,849.14,145.65,2.466,14.378,Level 2B (Cross-Dataset Supported Change),Strong cross-dataset evidence of built-up-related expansion where spectral SWIR/NIR increase converges with land-cover classification.,Dynamic World is derived from Sentinel-2 data; bare soil and cleared land can exhibit elevated NDBI without physical structural masonry.
EV-02,Urbanization-associated vegetation displacement,Sentinel-2 NDVI decrease (< -0.10),Sentinel-2 NDBI increase (> +0.10),Dynamic World new built-up transition (class=1),Native 10 m raster pixel,16.44,951.56,849.14,1.728,1.936,Level 3 (Higher-Confidence Multi-Source Signal),Highest-confidence spatial signal of vegetation removal directly replaced by built-up structures; multi-spectral drop in greenness accompanied by impervious increase.,Represents composite-to-composite differences; requires high-resolution aerial or field verification to confirm exact built-up typology.
EV-03,Same-sensor spectral convergence (Veg decrease + Built-up increase),Sentinel-2 NDVI decrease (< -0.10),Sentinel-2 NDBI increase (> +0.10),None (Unconfirmed by DW built-up),Native 10 m raster pixel,500.05,951.56,849.14,52.551,58.889,Level 2A (Same-Sensor Spectral Agreement),"Co-occurring drop in greenness and rise in SWIR/NIR reflectance without confirmed built-up classification; indicative of dry fallow, quarrying, land clearing, or soil exposure.",Derived from the same sensor (Sentinel-2); cannot be treated as independent cross-dataset validation; susceptible to seasonal soil moisture drying.
EV-04,Potential urbanization-associated vegetation loss,Sentinel-2 NDVI decrease (< -0.10),Dynamic World new built-up transition (class=1),None (Spatial pairwise),Native 10 m raster pixel,43.77,951.56,145.65,4.6,30.053,Level 2B (Cross-Dataset Supported Change),Vegetation-related spectral decrease confirmed by independent Dynamic World built-up emergence; strong evidence of anthropogenic land conversion.,Model-derived classification carries classification uncertainty; seasonal crop rotation timing can align with construction phases.
EV-05,Water-related spectral decrease under drought baseline context,Sentinel-2 NDWI decrease (< -0.10),CHIRPS 2016 severe rainfall deficit baseline (-402.1 mm),District-level annual precipitation,Coarse district contextual scale (~5.5 km CHIRPS),377.04,377.04,6702.08,100.0,5.626,Level 2B (Cross-Dataset Contextual Evidence),"Water/moisture-related spectral decrease occurring in tanks/riverbeds; indicates surface moisture decline despite higher 2025 district rainfall, pointing to local extraction or siltation.","CHIRPS rainfall is district-level aggregate, not localized catchment scale; NDWI is sensitive to aquatic vegetation and shallow water turbidity."
EV-06,Vegetation-related spectral decrease under rainfall regime comparison,Sentinel-2 NDVI decrease (< -0.10),CHIRPS annual rainfall (2016: 753 mm vs 2025: 1158 mm),District-level climatic contrast,Coarse district contextual scale (~5.5 km CHIRPS),951.56,951.56,6702.08,100.0,14.198,Level 2B (Cross-Dataset Contextual Evidence),"Vegetation-related spectral drop observed in specific sub-regions despite a district-wide transition from severe drought (2016) to normal rainfall (2025), isolating non-climatic stress.",Rainfall timing within the monsoon season differs between years; cannot rule out local dry spells or irrigation canal delivery schedules.
EV-07,Thermal surface context (MODIS Daytime LST),MODIS Terra annual daytime LST (2016: 33.94 °C vs 2025: 28.56 °C),ΔLST = -5.38 °C district-wide drop,Longitudinal GEE master dataset,District-level aggregate (~1 km MODIS),6702.08,6702.08,6702.08,100.0,100.0,Level 2B (Cross-Dataset Contextual Evidence),"District-level thermal context shows substantial cooling between 2016 (drought/hot) and 2025 (wetter/cloudier), demonstrating that regional climate overrides micro-scale urban heat signals.",Coarse ~1 km MODIS resolution prevents resolving localized micro-urban heat islands; LST strongly modulated by antecedent moisture and cloudiness.
EV-08,Unconfirmed single-source vegetation decrease,Sentinel-2 NDVI decrease (< -0.10) alone,"None (No NDBI inc, No DW built-up)",None,Native 10 m raster pixel,407.73,951.56,951.56,42.849,100.0,Level 1 (Single-Source Spectral Signal),"Vegetation-related spectral drop unconfirmed by built-up emergence or SWIR rise; likely attributable to crop harvesting, pasture grazing, or ephemeral soil moisture drying.",Must NOT be classified as deforestation or land degradation without temporal dense time-series verification.
EV-09,Unconfirmed single-source built-up spectral increase,Sentinel-2 NDBI increase (> +0.10) alone,"None (No NDVI dec, No DW built-up)",None,Native 10 m raster pixel,328.15,849.14,849.14,38.644,100.0,Level 1 (Single-Source Spectral Signal),"SWIR/NIR reflectance increase without corresponding vegetation drop or model-classified built-up; indicative of dry river sand, bare rocky ground, or unpaved tracks.",High false-positive rate if interpreted as structural urban expansion; highly sensitive to soil mineralogy and surface roughness.
